{
  "swagger" : "2.0",
  "info" : {
    "description" : "API Onbording Veloe",
    "version" : "V11.4",
    "title" : "Cobranded"
  },
  "host" : "hml.api.veloe.com.br",
  "basePath" : "/onboarding/v1",
  "schemes" : [ "https" ],
  "consumes" : [ "application/json" ],
  "produces" : [ "application/json" ],
  "paths" : {
    "/pedido" : {
      "post" : {
        "summary" : "Registrar Proposta - Este método deve ser utilizado para submeter novas propostas. Cada proposta consiste em uma solicitação para um CPF ou CNPJ. A analise cadastral da respectiva proposta não é processada de forma online. O retorno da proposta pode ser recebido a partir da API de eventos.",
        "parameters" : [ {
          "name" : "token",
          "in" : "header",
          "description" : "Token gerado na autenticação",
          "required" : false,
          "type" : "string"
        }, {
          "name" : "Authorization",
          "in" : "header",
          "description" : "chave do parceiro - fornecida por veloe",
          "required" : false,
          "type" : "string"
        }, {
          "in" : "body",
          "name" : "Pedido",
          "required" : true,
          "schema" : {
            "$ref" : "#/definitions/Pedido"
          }
        } ],
        "responses" : {
          "201" : {
            "description" : "201 response",
            "schema" : {
              "$ref" : "#/definitions/DadosProposta"
            }
          },
          "400" : {
            "description" : "400 response",
            "schema" : {
              "$ref" : "#/definitions/ErroResponse"
            }
          }
        },
        "security" : [ {
          "authorization" : [ ]
        } ]
      }
    },
    "/pedido/{pedidoId}" : {
      "put" : {
        "summary" : "Enviar Eventos - Api disponibilizada pelo parceiro, consumida por Veloe para enviar os eventos referentes a proposta.",
        "parameters" : [ {
          "name" : "pedidoId",
          "in" : "path",
          "required" : true,
          "type" : "string"
        }, {
          "name" : "token",
          "in" : "header",
          "description" : "Token gerado na autenticação",
          "required" : false,
          "type" : "string"
        }, {
          "name" : "Authorization",
          "in" : "header",
          "description" : "chave veloe - fornecida por parceiro",
          "required" : false,
          "type" : "string"
        }, {
          "in" : "body",
          "name" : "Status",
          "required" : true,
          "schema" : {
            "$ref" : "#/definitions/Eventos"
          }
        } ],
        "responses" : {
          "200" : {
            "description" : "200 response"
          },
          "400" : {
            "description" : "400 response",
            "schema" : {
              "$ref" : "#/definitions/ErroResponse"
            }
          }
        },
        "security" : [ {
          "authorization" : [ ]
        } ]
      }
    },
    "/lead/{cpf}" : {
      "get" : {
        "summary" : "Método que deve ser utilizado para verificar se um determinado CPF tem ou já teve relacionamento com Veloe.",
        "parameters" : [ {
          "name" : "cpf",
          "in" : "path",
          "required" : true,
          "type" : "string"
        }, {
          "name" : "token",
          "in" : "header",
          "description" : "Token gerado na autenticação",
          "required" : false,
          "type" : "string"
        }, {
          "name" : "Authorization",
          "in" : "header",
          "description" : "chave veloe - fornecida por parceiro",
          "required" : false,
          "type" : "string"
        } ],
        "responses" : {
          "200" : {
            "description" : "200 response",
            "schema" : {
              "$ref" : "#/definitions/LeadStatus"
            }
          },
          "400" : {
            "description" : "400 response",
            "schema" : {
              "$ref" : "#/definitions/ErroResponse"
            }
          }
        },
        "security" : [ {
          "authorization" : [ ]
        } ]
      }
    },
    "/recarga/valores" : {
      "get" : {
        "summary" : "Método para retornar valores de recarga.",
        "parameters" : [ {
          "name" : "token",
          "in" : "header",
          "description" : "Token gerado na autenticação",
          "required" : false,
          "type" : "string"
        }, {
          "name" : "Authorization",
          "in" : "header",
          "description" : "chave veloe - fornecida por parceiro",
          "required" : false,
          "type" : "string"
        } ],
        "responses" : {
          "200" : {
            "description" : "200 response",
            "schema" : {
              "$ref" : "#/definitions/ValoresRecarga"
            }
          },
          "400" : {
            "description" : "400 response",
            "schema" : {
              "$ref" : "#/definitions/ErroResponseValoresRecarga"
            }
          }
        },
        "security" : [ {
          "authorization" : [ ]
        } ]
      }
    },
    "/gateway-pagamento/accesstoken" : {
      "post" : {
        "summary" : "Método para retornar AccessToken para acesso ao Gateway de Pagamento.",
        "parameters" : [ {
          "name" : "token",
          "in" : "header",
          "description" : "Token gerado na autenticação",
          "required" : false,
          "type" : "string"
        }, {
          "name" : "Authorization",
          "in" : "header",
          "description" : "chave veloe - fornecida por parceiro",
          "required" : false,
          "type" : "string"
        } ],
        "responses" : {
          "200" : {
            "description" : "200 response",
            "schema" : {
              "$ref" : "#/definitions/AccessToken"
            }
          },
          "400" : {
            "description" : "400 response",
            "schema" : {
              "$ref" : "#/definitions/ErroResponseAccessToken"
            }
          }
        },
        "security" : [ {
          "authorization" : [ ]
        } ]
      }
    },
    "/aceite/{cpf}" : {
      "post" : {
        "summary" : "Método que deve ser utilizado para registrar o aceite do termo de uso e manual do usuário",
        "parameters" : [ {
          "name" : "cpf",
          "in" : "path",
          "required" : true,
          "type" : "string"
        }, {
          "name" : "Authorization",
          "in" : "header",
          "required" : false,
          "type" : "string"
        }, {
          "name" : "scope",
          "in" : "header",
          "required" : false,
          "type" : "string"
        } ],
        "responses" : {
          "200" : {
            "description" : "200 response",
            "schema" : {
              "$ref" : "#/definitions/Aceite"
            }
          },
          "400" : {
            "description" : "400 response",
            "schema" : {
              "$ref" : "#/definitions/ErroResponseAccessToken"
            }
          }
        },
        "security" : [ {
          "authorization" : [ ]
        } ]
      }
    },
    "/auth-saml/federacao/{cpf}" : {
      "post" : {
        "summary" : "** Este método ainda não está fechado, ainda existem definições pendentes. Método que deve ser utilizado realizar a federação do CPF, bem como obter o token de acesso para realizar as ações(aceites, ativação, etc) na conta do cliente.",
        "parameters" : [ {
          "name" : "cpf",
          "in" : "path",
          "required" : true,
          "type" : "string"
        }, {
          "name" : "Authorization",
          "in" : "header",
          "required" : false,
          "type" : "string"
        }, {
          "name" : "scope",
          "in" : "header",
          "required" : false,
          "type" : "string"
        } ],
        "responses" : {
          "200" : {
            "description" : "200 response",
            "schema" : {
              "$ref" : "#/definitions/Tokens"
            }
          },
          "400" : {
            "description" : "400 response",
            "schema" : {
              "$ref" : "#/definitions/ErroResponseAccessToken"
            }
          }
        },
        "security" : [ {
          "authorization" : [ ]
        } ]
      }
    }
  },
  "securityDefinitions" : {
    "authorization" : {
      "type" : "apiKey",
      "name" : "Unused",
      "in" : "header",
      "x-amazon-apigateway-authtype" : "custom"
    }
  },
  "definitions" : {
    "ErroResponse" : {
      "type" : "object",
      "properties" : {
        "erros" : {
          "type" : "array",
          "items" : {
            "type" : "object",
            "properties" : {
              "codigo" : {
                "type" : "integer"
              },
              "observacao" : {
                "type" : "string"
              },
              "mensagem" : {
                "type" : "string"
              },
              "nomeCampo" : {
                "type" : "string"
              }
            }
          }
        },
        "status" : {
          "type" : "integer"
        }
      },
      "description" : "Response error"
    },
    "ErroResponseAccessToken" : {
      "type" : "object",
      "properties" : {
        "mensagem" : {
          "type" : "string"
        }
      },
      "description" : "Response error"
    },
    "ErroResponseValoresRecarga" : {
      "type" : "object",
      "properties" : {
        "mensagem" : {
          "type" : "string"
        }
      },
      "description" : "Response error"
    },
    "LeadStatus" : {
      "type" : "object",
      "properties" : {
        "status" : {
          "type" : "string",
          "enum" : [ "nao-cliente", "cliente-ativo", "cliente-inativo" ]
        }
      },
      "description" : "Dados para acompanhamento da nova proposta",
      "example" : {
        "status" : "nao-cliente"
      }
    },
    "ValoresRecarga" : {
      "type" : "object",
      "properties" : {
        "valoresRecarga" : {
          "type" : "array",
          "items" : {
            "type" : "string"
          }
        }
      },
      "example" : {
        "valoresRecarga" : [ "valoresRecarga", "valoresRecarga" ]
      }
    },
    "AccessToken" : {
      "type" : "object",
      "properties" : {
        "accessToken" : {
          "type" : "string"
        }
      },
      "description" : "AccessToken para acesso ao gateway de pagamento",
      "example" : {
        "accessToken" : "accessToken"
      }
    },
    "DadosProposta" : {
      "type" : "object",
      "properties" : {
        "pedidoId" : {
          "type" : "string"
        }
      },
      "description" : "Dados para acompanhamento da nova proposta",
      "example" : {
        "pedidoId" : "pedidoId"
      }
    },
    "Eventos" : {
      "type" : "object",
      "properties" : {
        "eventos" : {
          "type" : "array",
          "items" : {
            "type" : "object",
            "properties" : {
              "id" : {
                "type" : "integer",
                "example" : 67365
              },
              "evento" : {
                "type" : "string",
                "example" : "proposta"
              },
              "data" : {
                "type" : "string",
                "format" : "date-time"
              },
              "atributos" : {
                "type" : "array",
                "items" : {
                  "type" : "object",
                  "properties" : {
                    "chave" : {
                      "type" : "string",
                      "example" : "status"
                    },
                    "valor" : {
                      "type" : "string",
                      "example" : "aprovada",
                      "enum" : [ "aprovada", "reprovada", "reprovado-pos-apto-plano-pre", "cliente-ativo", "cliente-inativo" ]
                    }
                  }
                }
              }
            }
          }
        }
      },
      "description" : "Lista dos valores referentes ao respectivo evento",
      "example" : {
        "eventos" : [ "{}", "{}" ]
      }
    },
    "Endereco" : {
      "type" : "object",
      "required" : [ "bairro", "cep", "cidade", "logradouro", "numero", "uf" ],
      "properties" : {
        "cep" : {
          "type" : "string",
          "example" : "5422011",
          "minLength" : 8,
          "maxLength" : 8
        },
        "uf" : {
          "type" : "string",
          "example" : "SP",
          "description" : "estado do Brasil",
          "enum" : [ "AC", "AL", "AP", "AM", "BA", "CE", "DF", "ES", "GO", "MA", "MT", "MS", "MG", "PA", "PB", "PR", "PE", "PI", "RJ", "RN", "RS", "RO", "RR", "SC", "SP", "SE", "TO" ]
        },
        "cidade" : {
          "type" : "string",
          "example" : "São Paulo",
          "description" : "cidade do Brasil"
        },
        "bairro" : {
          "type" : "string",
          "example" : "Pinheiros"
        },
        "logradouro" : {
          "type" : "string",
          "example" : "Rua dos Pinheiros"
        },
        "numero" : {
          "type" : "string",
          "example" : "661"
        },
        "complemento" : {
          "type" : "string",
          "example" : "conjunto 2"
        }
      }
    },
    "Tokens" : {
      "type" : "object",
      "properties" : {
        "expiresIn" : {
          "type" : "integer"
        },
        "type" : {
          "type" : "string"
        },
        "accessToken" : {
          "type" : "string"
        },
        "refreshToken" : {
          "type" : "string"
        }
      },
      "example" : {
        "expiresIn" : 0,
        "type" : "type",
        "accessToken" : "accessToken",
        "refreshToken" : "refreshToken"
      }
    },
    "Aceite" : {
      "type" : "object",
      "properties" : {
        "aceite" : {
          "type" : "boolean"
        },
        "versao" : {
          "type" : "string"
        }
      },
      "example" : {
        "versao" : "versao",
        "aceite" : true
      }
    },
    "Pedido" : {
      "type" : "object",
      "properties" : {
        "propostaPF" : {
          "type" : "object",
          "properties" : {
            "codigoPropostaParceiro" : {
              "type" : "string",
              "example" : "70544eb1-9d11-7afb-e410-ed61df6cd16e",
              "description" : "Código de proposta fornecido pelo parceiro que será retornado atraves da interface de eventos."
            },
            "codigoPromocional" : {
              "type" : "string",
              "example" : "PARCEIROVELOEPRE",
              "description" : "código da campanha promocional do parceiro, se aplicável"
            },
            "emailParceiroComercial" : {
              "type" : "string",
              "format" : "email",
              "example" : "user@example.com"
            },
            "contato" : {
              "type" : "object",
              "properties" : {
                "nome" : {
                  "type" : "string",
                  "example" : "JOSÉ DA SILVA",
                  "description" : "nome completo do cliente"
                },
                "telefones" : {
                  "type" : "object",
                  "properties" : {
                    "telefoneFixo" : {
                      "type" : "string",
                      "example" : "1122223456"
                    },
                    "telefoneCelular" : {
                      "type" : "string",
                      "example" : "11912345678",
                      "description" : "telefone celular do Brasil, iniciando com código de área",
                      "pattern" : "^([0-9]{2})([9]{1})([0-9]{8})$"
                    }
                  },
                  "required" : [ "telefoneCelular" ]
                },
                "email" : {
                  "type" : "string",
                  "format" : "email",
                  "example" : "user@example.com"
                },
                "recebimentoInformacoesEmail" : {
                  "type" : "boolean"
                }
              },
              "required" : [ "email", "nome", "recebimentoInformacoesEmail", "telefones" ]
            },
            "dadosPessoais" : {
              "type" : "object",
              "properties" : {
                "cpf" : {
                  "type" : "string",
                  "example" : "12345678901",
                  "pattern" : "^[0-9]{11}$"
                },
                "dataNascimento" : {
                  "type" : "string",
                  "format" : "date",
                  "example" : "31/12/1999"
                },
                "nomeMae" : {
                  "type" : "string",
                  "example" : "Maria da Conceição"
                },
                "estadoCivil" : {
                  "type" : "string",
                  "enum" : [ "SOLTEIRO", "DIVORCIADO", "UNIAO_ESTAVEL", "VIUVO", "CASADO", "OUTROS" ]
                },
                "sexo" : {
                  "type" : "string",
                  "enum" : [ "MASCULINO", "FEMININO", "OUTROS" ]
                }
              },
              "required" : [ "cpf", "dataNascimento", "nomeMae" ]
            },
            "endereco" : {
              "$ref" : "#/definitions/Endereco"
            },
            "entrega" : {
              "type" : "object",
              "description" : "endereço de entrega do cliente",
              "properties" : {
                "endereco" : {
                  "$ref" : "#/definitions/Endereco"
                },
                "tipoEntrega" : {
                  "type" : "string",
                  "enum" : [ "Mesmo endereço", "Outro endereço" ]
                }
              },
              "required" : [ "endereco", "tipoEntrega" ]
            },
            "plano" : {
              "type" : "object",
              "properties" : {
                "tagEmMaos" : {
                  "type" : "boolean",
                  "example" : false,
                  "description" : "Cliente já possue uma tag em mãos para utilização? se não possuir enviaremos quantas forem solicitadas"
                },
                "quantidadeIdentificadores" : {
                  "type" : "integer",
                  "example" : 1,
                  "description" : "Quantas tags a Veloe deve enviar para o cliente se ele não tiver nenhuma em mãos (tagEmMaos=false) ou quantas tags o cliente já possui (quando tagEmMaos=true)"
                },
                "tipoPlano" : {
                  "type" : "string",
                  "enum" : [ "PRE", "POS" ]
                },
                "produtoId" : {
                  "type" : "string"
                },
                "subProdutoId" : {
                  "type" : "string"
                },
                "subProdutoDesc" : {
                  "type" : "string"
                },
                "valor" : {
                  "type" : "number"
                },
                "valorRecargaPrePago" : {
                  "type" : "number"
                }
              },
              "required" : [ "produtoId", "quantidadeIdentificadores", "subProdutoDesc", "subProdutoId", "tagEmMaos", "tipoPlano" ]
            },
            "pagamento" : {
              "type" : "object",
              "properties" : {
                "formaPagamento" : {
                  "type" : "string",
                  "enum" : [ "SEM_DADOS_PAGAMENTO", "DEBITO_EM_CONTA", "CARTAO_CREDITO", "CARTAO_DEBITO" ]
                },
                "vencimentoFatura" : {
                  "type" : "string"
                },
                "cartao" : {
                  "type" : "object",
                  "properties" : {
                    "cardToken" : {
                      "type" : "string"
                    },
                    "bandeira" : {
                      "type" : "string",
                      "enum" : [ "elo", "visa", "master", "hiper", "amex", "diners" ]
                    },
                    "nomePortador" : {
                      "type" : "string"
                    },
                    "dataVencimento" : {
                      "type" : "string",
                      "example" : "07-27",
                      "description" : "A data de validade deve respeitar o seguinte padrão MM-YY, onde deve ser aplicado o número zero na frente quando necessário. Exemplo 07-27"
                    },
                    "numeroMascarado" : {
                      "type" : "string",
                      "example" : "4841-99XX-XXXX-7433",
                      "description" : "O número mascarado deve apresentar os primeiros 6 e os 4 ultimos digitos visiveis, também deve ser respeitada a formatação em 4 blocos de 4 digitos separados por hífem, conforme exemplo 4841-99XX-XXXX-7433."
                    }
                  }
                },
                "debitoEmConta" : {
                  "type" : "object",
                  "properties" : {
                    "banco" : {
                      "type" : "string"
                    },
                    "agencia" : {
                      "type" : "string"
                    },
                    "conta" : {
                      "type" : "string"
                    }
                  }
                }
              },
              "required" : [ "formaPagamento" ]
            }
          },
          "required" : [ "contato", "dadosPessoais", "endereco", "entrega", "pagamento", "plano" ]
        },
        "propostaPJ" : {
          "type" : "object",
          "properties" : {
            "codigoPropostaParceiro" : {
              "type" : "string",
              "example" : "70544eb1-9d11-7afb-e410-ed61df6cd16e"
            },
            "dadosCadastrais" : {
              "type" : "object",
              "properties" : {
                "cnpj" : {
                  "type" : "string",
                  "example" : "55582494000151"
                },
                "razaoSocial" : {
                  "type" : "string"
                },
                "telefone" : {
                  "type" : "string"
                },
                "email" : {
                  "type" : "string"
                },
                "cnae" : {
                  "type" : "string",
                  "example" : "7490-1/05",
                  "description" : "Deve estar no formato: 7490-1/05"
                },
                "dataConstituicao" : {
                  "type" : "string",
                  "example" : "23/03/2021",
                  "description" : "Deve estar no formato: dd/MM/aaaa"
                },
                "dataVinculo" : {
                  "type" : "string",
                  "example" : "01/03/2010",
                  "description" : "Deve estar no formato: dd/MM/aaaa"
                },
                "formaConstituicaoNemotecnico" : {
                  "type" : "string",
                  "example" : "209-7",
                  "description" : "Deve estar no formato: 209-7"
                },
                "cpfRepresentante" : {
                  "type" : "string",
                  "example" : "57815815022"
                },
                "representanteLegal" : {
                  "type" : "string"
                },
                "tipoRepresentanteNemotecnico" : {
                  "type" : "string",
                  "example" : "PROPRIETARIO"
                },
                "nomeFantasia" : {
                  "type" : "string"
                },
                "inscricaoMunicipal" : {
                  "type" : "string",
                  "description" : "Deve estar no formato: dd/MM/aaaa"
                }
              }
            },
            "contato" : {
              "type" : "object",
              "properties" : {
                "nome" : {
                  "type" : "string"
                },
                "telefones" : {
                  "type" : "object",
                  "properties" : {
                    "telefoneFixo" : {
                      "type" : "string"
                    },
                    "telefoneCelular" : {
                      "type" : "string"
                    }
                  }
                },
                "email" : {
                  "type" : "string"
                }
              }
            },
            "endereco" : {
              "type" : "object",
              "properties" : {
                "uf" : {
                  "type" : "string"
                },
                "cidade" : {
                  "type" : "string"
                },
                "bairro" : {
                  "type" : "string"
                },
                "logradouro" : {
                  "type" : "string"
                },
                "numero" : {
                  "type" : "string"
                },
                "complemento" : {
                  "type" : "string"
                },
                "cep" : {
                  "type" : "string"
                }
              }
            },
            "plano" : {
              "type" : "object",
              "properties" : {
                "subProdutoDesc" : {
                  "type" : "string",
                  "example" : "TRANSP VALE PEDAGIO PJ"
                },
                "produtoId" : {
                  "type" : "string",
                  "example" : "1000"
                },
                "tagEmMaos" : {
                  "type" : "boolean"
                },
                "quantidadeIdentificadores" : {
                  "type" : "integer"
                },
                "valor" : {
                  "type" : "number"
                },
                "tipoPlano" : {
                  "type" : "string",
                  "example" : "PRE PAGO"
                },
                "subProdutoId" : {
                  "type" : "string",
                  "example" : "8103"
                },
                "valorRecargaPrePago" : {
                  "type" : "number",
                  "example" : 0.0
                }
              }
            },
            "enderecoEntrega" : {
              "type" : "object",
              "properties" : {
                "endereco" : {
                  "type" : "object",
                  "properties" : {
                    "uf" : {
                      "type" : "string"
                    },
                    "cidade" : {
                      "type" : "string"
                    },
                    "bairro" : {
                      "type" : "string"
                    },
                    "logradouro" : {
                      "type" : "string"
                    },
                    "numero" : {
                      "type" : "string"
                    },
                    "complemento" : {
                      "type" : "string"
                    },
                    "cep" : {
                      "type" : "string"
                    }
                  }
                },
                "tipoEntrega" : {
                  "type" : "string"
                }
              }
            },
            "pagamento" : {
              "type" : "object",
              "properties" : {
                "formaPagamento" : {
                  "type" : "string",
                  "example" : "BOLETO"
                }
              }
            },
            "codigoPromocional" : {
              "type" : "string"
            },
            "parceiroComercialId" : {
              "type" : "string",
              "example" : "452785"
            }
          }
        }
      },
      "description" : "solicitação de pedido",
      "example" : {
        "propostaPF" : "{}",
        "propostaPJ" : "{}"
      }
    }
  }
}
